{
  "run_id": "20260528_062441",
  "formulation": "AO-QUBO",
  "solver": "SQA",
  "n_cameras": 20000,
  "n_servers": 800,
  "batch_size": 80,
  "max_servers_per_batch": 20,
  "random_seed": 42,
  "total_time_sec": 135.36023688316345,
  "qubo_time_sec": 7.593327045440674,
  "solver_time_sec": 125.72300887107849,
  "throughput_cam_per_sec": 27.53393526650644,
  "processed_batches": 250,
  "successful_batches": 22,
  "failed_batches": 228,
  "solver_success_rate_percent": 8.799999999999999,
  "fallback_count": 0,
  "avg_feasible_candidate_pairs_per_batch": 305.18,
  "capacity_rejected_raw_assignments": 16273,
  "zero_selection_raw": 0,
  "multi_selection_raw": 0,
  "raw_selected_variables": 20000,
  "assignment_cost": 2112.096011007842,
  "uncovered_cameras": 16273,
  "uncovered_penalty": 244095.0,
  "overload_penalty": 0.0,
  "objective_value": 246207.09601100784,
  "covered_cameras": 3727,
  "coverage_percent": 18.634999999999998,
  "avg_qubo_variables": 1600.0,
  "avg_linear_coefficient_count": 1600.0,
  "avg_quadratic_coefficient_count": 15200.0,
  "avg_qubo_coefficient_count": 16800.0,
  "avg_qubo_density": 0.013116801998750784,
  "avg_coefficient_min": -14.887559690188365,
  "avg_coefficient_max": 30.0,
  "avg_coefficient_range": 44.88755969018837
}